sample_index,class_id,identity_name,split
0,5,Hugo Chavez,train
1,6,Tony Blair,test
2,3,George W Bush,train
3,1,Colin Powell,test
4,0,Ariel Sharon,train
5,1,Colin Powell,train
6,3,George W Bush,train
7,4,Gerhard Schroeder,test
8,3,George W Bush,train
9,0,Ariel Sharon,validation
10,3,George W Bush,validation
11,2,Donald Rumsfeld,train
12,3,George W Bush,train
13,1,Colin Powell,train
14,4,Gerhard Schroeder,test
15,3,George W Bush,train
16,3,George W Bush,train
17,3,George W Bush,train
18,3,George W Bush,train
19,3,George W Bush,test
20,3,George W Bush,train
21,3,George W Bush,test
22,5,Hugo Chavez,test
23,3,George W Bush,validation
24,6,Tony Blair,validation
25,5,Hugo Chavez,train
26,6,Tony Blair,train
27,5,Hugo Chavez,validation
28,2,Donald Rumsfeld,train
29,3,George W Bush,train
30,3,George W Bush,train
31,2,Donald Rumsfeld,train
32,6,Tony Blair,train
33,4,Gerhard Schroeder,test
34,3,George W Bush,test
35,1,Colin Powell,train
36,3,George W Bush,train
37,1,Colin Powell,validation
38,0,Ariel Sharon,validation
39,5,Hugo Chavez,validation
40,1,Colin Powell,train
41,3,George W Bush,train
42,6,Tony Blair,train
43,2,Donald Rumsfeld,validation
44,3,George W Bush,validation
45,0,Ariel Sharon,train
46,4,Gerhard Schroeder,train
47,1,Colin Powell,train
48,3,George W Bush,train
49,1,Colin Powell,train
50,0,Ariel Sharon,train
51,3,George W Bush,train
52,6,Tony Blair,train
53,0,Ariel Sharon,train
54,2,Donald Rumsfeld,train
55,0,Ariel Sharon,train
56,3,George W Bush,train
57,4,Gerhard Schroeder,validation
58,3,George W Bush,test
59,2,Donald Rumsfeld,test
60,3,George W Bush,train
61,3,George W Bush,test
62,3,George W Bush,train
63,3,George W Bush,train
64,4,Gerhard Schroeder,test
65,3,George W Bush,train
66,1,Colin Powell,test
67,2,Donald Rumsfeld,train
68,1,Colin Powell,train
69,3,George W Bush,train
70,5,Hugo Chavez,train
71,2,Donald Rumsfeld,train
72,3,George W Bush,train
73,3,George W Bush,train
74,3,George W Bush,train
75,1,Colin Powell,train
76,1,Colin Powell,test
77,0,Ariel Sharon,train
78,6,Tony Blair,test
79,3,George W Bush,validation
80,3,George W Bush,train
81,3,George W Bush,test
82,1,Colin Powell,validation
83,3,George W Bush,test
84,4,Gerhard Schroeder,train
85,3,George W Bush,test
86,1,Colin Powell,train
87,1,Colin Powell,validation
88,3,George W Bush,train
89,2,Donald Rumsfeld,train
90,1,Colin Powell,train
91,1,Colin Powell,train
92,3,George W Bush,test
93,4,Gerhard Schroeder,validation
94,3,George W Bush,train
95,2,Donald Rumsfeld,train
96,6,Tony Blair,train
97,1,Colin Powell,train
98,1,Colin Powell,train
99,3,George W Bush,train
100,3,George W Bush,train
101,3,George W Bush,validation
102,0,Ariel Sharon,train
103,4,Gerhard Schroeder,train
104,2,Donald Rumsfeld,train
105,2,Donald Rumsfeld,train
106,4,Gerhard Schroeder,validation
107,5,Hugo Chavez,train
108,1,Colin Powell,train
109,3,George W Bush,test
110,3,George W Bush,train
111,0,Ariel Sharon,train
112,3,George W Bush,train
113,6,Tony Blair,validation
114,3,George W Bush,validation
115,1,Colin Powell,train
116,3,George W Bush,train
117,2,Donald Rumsfeld,train
118,1,Colin Powell,train
119,2,Donald Rumsfeld,train
120,4,Gerhard Schroeder,test
121,6,Tony Blair,train
122,3,George W Bush,train
123,3,George W Bush,train
124,3,George W Bush,train
125,3,George W Bush,validation
126,6,Tony Blair,test
127,5,Hugo Chavez,train
128,1,Colin Powell,train
129,6,Tony Blair,train
130,1,Colin Powell,validation
131,3,George W Bush,train
132,3,George W Bush,train
133,3,George W Bush,train
134,3,George W Bush,train
135,6,Tony Blair,train
136,3,George W Bush,train
137,0,Ariel Sharon,train
138,5,Hugo Chavez,train
139,2,Donald Rumsfeld,train
140,0,Ariel Sharon,validation
141,1,Colin Powell,train
142,1,Colin Powell,train
143,1,Colin Powell,test
144,3,George W Bush,test
145,0,Ariel Sharon,train
146,4,Gerhard Schroeder,test
147,3,George W Bush,train
148,3,George W Bush,train
149,3,George W Bush,train
150,5,Hugo Chavez,test
151,1,Colin Powell,validation
152,3,George W Bush,validation
153,3,George W Bush,train
154,3,George W Bush,train
155,0,Ariel Sharon,train
156,1,Colin Powell,validation
157,1,Colin Powell,train
158,4,Gerhard Schroeder,train
159,2,Donald Rumsfeld,train
160,6,Tony Blair,train
161,4,Gerhard Schroeder,test
162,2,Donald Rumsfeld,test
163,6,Tony Blair,validation
164,3,George W Bush,validation
165,2,Donald Rumsfeld,train
166,1,Colin Powell,train
167,4,Gerhard Schroeder,train
168,4,Gerhard Schroeder,train
169,6,Tony Blair,train
170,6,Tony Blair,validation
171,6,Tony Blair,train
172,6,Tony Blair,train
173,1,Colin Powell,train
174,3,George W Bush,train
175,3,George W Bush,train
176,3,George W Bush,train
177,2,Donald Rumsfeld,test
178,3,George W Bush,test
179,1,Colin Powell,test
180,3,George W Bush,train
181,3,George W Bush,train
182,6,Tony Blair,train
183,6,Tony Blair,validation
184,2,Donald Rumsfeld,train
185,3,George W Bush,train
186,1,Colin Powell,train
187,5,Hugo Chavez,train
188,3,George W Bush,train
189,6,Tony Blair,train
190,4,Gerhard Schroeder,train
191,0,Ariel Sharon,test
192,1,Colin Powell,validation
193,1,Colin Powell,test
194,3,George W Bush,train
195,0,Ariel Sharon,train
196,3,George W Bush,test
197,1,Colin Powell,test
198,1,Colin Powell,train
199,4,Gerhard Schroeder,train
200,3,George W Bush,test
201,3,George W Bush,train
202,3,George W Bush,train
203,3,George W Bush,train
204,3,George W Bush,train
205,3,George W Bush,train
206,3,George W Bush,train
207,6,Tony Blair,train
208,6,Tony Blair,train
209,3,George W Bush,train
210,6,Tony Blair,test
211,2,Donald Rumsfeld,test
212,5,Hugo Chavez,train
213,3,George W Bush,validation
214,4,Gerhard Schroeder,test
215,3,George W Bush,train
216,3,George W Bush,test
217,3,George W Bush,train
218,3,George W Bush,train
219,3,George W Bush,train
220,4,Gerhard Schroeder,validation
221,3,George W Bush,validation
222,3,George W Bush,train
223,3,George W Bush,train
224,1,Colin Powell,train
225,2,Donald Rumsfeld,train
226,3,George W Bush,validation
227,3,George W Bush,validation
228,3,George W Bush,test
229,3,George W Bush,validation
230,1,Colin Powell,train
231,3,George W Bush,train
232,1,Colin Powell,validation
233,1,Colin Powell,validation
234,6,Tony Blair,test
235,2,Donald Rumsfeld,train
236,3,George W Bush,train
237,3,George W Bush,validation
238,2,Donald Rumsfeld,test
239,1,Colin Powell,train
240,1,Colin Powell,train
241,1,Colin Powell,test
242,1,Colin Powell,train
243,1,Colin Powell,train
244,1,Colin Powell,validation
245,3,George W Bush,test
246,0,Ariel Sharon,train
247,1,Colin Powell,train
248,3,George W Bush,test
249,6,Tony Blair,train
250,3,George W Bush,train
251,3,George W Bush,train
252,3,George W Bush,train
253,1,Colin Powell,train
254,6,Tony Blair,train
255,5,Hugo Chavez,train
256,2,Donald Rumsfeld,train
257,2,Donald Rumsfeld,train
258,3,George W Bush,test
259,3,George W Bush,train
260,3,George W Bush,train
261,6,Tony Blair,validation
262,1,Colin Powell,train
263,3,George W Bush,train
264,1,Colin Powell,test
265,3,George W Bush,train
266,3,George W Bush,train
267,2,Donald Rumsfeld,test
268,1,Colin Powell,validation
269,3,George W Bush,train
270,5,Hugo Chavez,train
271,3,George W Bush,train
272,2,Donald Rumsfeld,test
273,3,George W Bush,train
274,3,George W Bush,test
275,6,Tony Blair,train
276,1,Colin Powell,train
277,4,Gerhard Schroeder,train
278,6,Tony Blair,train
279,3,George W Bush,test
280,1,Colin Powell,train
281,2,Donald Rumsfeld,train
282,3,George W Bush,train
283,6,Tony Blair,train
284,1,Colin Powell,train
285,3,George W Bush,train
286,2,Donald Rumsfeld,test
287,3,George W Bush,test
288,3,George W Bush,train
289,3,George W Bush,train
290,3,George W Bush,train
291,2,Donald Rumsfeld,train
292,3,George W Bush,train
293,4,Gerhard Schroeder,train
294,6,Tony Blair,train
295,3,George W Bush,train
296,3,George W Bush,train
297,3,George W Bush,train
298,1,Colin Powell,train
299,4,Gerhard Schroeder,test
300,4,Gerhard Schroeder,train
301,4,Gerhard Schroeder,train
302,1,Colin Powell,train
303,2,Donald Rumsfeld,validation
304,3,George W Bush,train
305,3,George W Bush,train
306,3,George W Bush,train
307,1,Colin Powell,train
308,3,George W Bush,train
309,2,Donald Rumsfeld,validation
310,3,George W Bush,train
311,3,George W Bush,train
312,3,George W Bush,train
313,3,George W Bush,train
314,1,Colin Powell,train
315,1,Colin Powell,train
316,3,George W Bush,train
317,6,Tony Blair,test
318,2,Donald Rumsfeld,train
319,1,Colin Powell,validation
320,4,Gerhard Schroeder,validation
321,0,Ariel Sharon,train
322,5,Hugo Chavez,validation
323,6,Tony Blair,test
324,3,George W Bush,train
325,3,George W Bush,train
326,3,George W Bush,train
327,5,Hugo Chavez,train
328,2,Donald Rumsfeld,validation
329,3,George W Bush,train
330,6,Tony Blair,train
331,3,George W Bush,train
332,4,Gerhard Schroeder,train
333,6,Tony Blair,train
334,2,Donald Rumsfeld,train
335,3,George W Bush,train
336,3,George W Bush,train
337,2,Donald Rumsfeld,validation
338,2,Donald Rumsfeld,train
339,6,Tony Blair,validation
340,4,Gerhard Schroeder,train
341,1,Colin Powell,test
342,1,Colin Powell,train
343,3,George W Bush,train
344,3,George W Bush,train
345,1,Colin Powell,validation
346,3,George W Bush,validation
347,1,Colin Powell,train
348,3,George W Bush,train
349,3,George W Bush,train
350,5,Hugo Chavez,train
351,3,George W Bush,test
352,2,Donald Rumsfeld,train
353,1,Colin Powell,train
354,1,Colin Powell,train
355,4,Gerhard Schroeder,train
356,3,George W Bush,train
357,1,Colin Powell,train
358,3,George W Bush,train
359,3,George W Bush,train
360,6,Tony Blair,train
361,1,Colin Powell,train
362,3,George W Bush,validation
363,4,Gerhard Schroeder,train
364,1,Colin Powell,test
365,3,George W Bush,validation
366,1,Colin Powell,validation
367,2,Donald Rumsfeld,train
368,2,Donald Rumsfeld,train
369,2,Donald Rumsfeld,train
370,3,George W Bush,train
371,3,George W Bush,test
372,3,George W Bush,train
373,6,Tony Blair,validation
374,3,George W Bush,train
375,2,Donald Rumsfeld,train
376,5,Hugo Chavez,train
377,3,George W Bush,train
378,3,George W Bush,train
379,2,Donald Rumsfeld,test
380,3,George W Bush,train
381,3,George W Bush,test
382,3,George W Bush,train
383,3,George W Bush,train
384,3,George W Bush,validation
385,3,George W Bush,validation
386,2,Donald Rumsfeld,train
387,3,George W Bush,train
388,5,Hugo Chavez,train
389,4,Gerhard Schroeder,train
390,3,George W Bush,train
391,0,Ariel Sharon,train
392,0,Ariel Sharon,train
393,1,Colin Powell,train
394,3,George W Bush,train
395,4,Gerhard Schroeder,train
396,1,Colin Powell,train
397,1,Colin Powell,train
398,5,Hugo Chavez,train
399,3,George W Bush,test
400,6,Tony Blair,validation
401,5,Hugo Chavez,train
402,6,Tony Blair,train
403,3,George W Bush,train
404,0,Ariel Sharon,validation
405,1,Colin Powell,train
406,3,George W Bush,train
407,5,Hugo Chavez,test
408,6,Tony Blair,validation
409,3,George W Bush,train
410,3,George W Bush,train
411,2,Donald Rumsfeld,validation
412,3,George W Bush,train
413,3,George W Bush,train
414,2,Donald Rumsfeld,train
415,6,Tony Blair,train
416,2,Donald Rumsfeld,validation
417,3,George W Bush,train
418,6,Tony Blair,train
419,0,Ariel Sharon,validation
420,1,Colin Powell,train
421,3,George W Bush,train
422,3,George W Bush,test
423,3,George W Bush,validation
424,3,George W Bush,test
425,2,Donald Rumsfeld,test
426,3,George W Bush,test
427,2,Donald Rumsfeld,train
428,4,Gerhard Schroeder,validation
429,3,George W Bush,train
430,1,Colin Powell,train
431,5,Hugo Chavez,train
432,3,George W Bush,train
433,5,Hugo Chavez,train
434,3,George W Bush,validation
435,0,Ariel Sharon,train
436,3,George W Bush,train
437,0,Ariel Sharon,validation
438,3,George W Bush,train
439,1,Colin Powell,train
440,0,Ariel Sharon,test
441,3,George W Bush,train
442,6,Tony Blair,test
443,1,Colin Powell,train
444,3,George W Bush,validation
445,3,George W Bush,train
446,6,Tony Blair,test
447,6,Tony Blair,train
448,3,George W Bush,validation
449,4,Gerhard Schroeder,train
450,6,Tony Blair,train
451,4,Gerhard Schroeder,train
452,3,George W Bush,test
453,4,Gerhard Schroeder,train
454,6,Tony Blair,train
455,6,Tony Blair,test
456,3,George W Bush,train
457,5,Hugo Chavez,train
458,1,Colin Powell,test
459,4,Gerhard Schroeder,validation
460,2,Donald Rumsfeld,train
461,1,Colin Powell,validation
462,6,Tony Blair,test
463,3,George W Bush,test
464,0,Ariel Sharon,train
465,0,Ariel Sharon,train
466,2,Donald Rumsfeld,train
467,1,Colin Powell,train
468,5,Hugo Chavez,train
469,3,George W Bush,train
470,3,George W Bush,train
471,3,George W Bush,train
472,4,Gerhard Schroeder,test
473,1,Colin Powell,train
474,4,Gerhard Schroeder,train
475,6,Tony Blair,test
476,0,Ariel Sharon,train
477,3,George W Bush,validation
478,6,Tony Blair,train
479,4,Gerhard Schroeder,train
480,3,George W Bush,train
481,3,George W Bush,train
482,3,George W Bush,train
483,4,Gerhard Schroeder,train
484,3,George W Bush,train
485,3,George W Bush,train
486,2,Donald Rumsfeld,validation
487,6,Tony Blair,validation
488,3,George W Bush,train
489,1,Colin Powell,train
490,1,Colin Powell,train
491,0,Ariel Sharon,train
492,2,Donald Rumsfeld,train
493,3,George W Bush,train
494,0,Ariel Sharon,test
495,2,Donald Rumsfeld,train
496,1,Colin Powell,train
497,3,George W Bush,test
498,0,Ariel Sharon,train
499,3,George W Bush,train
500,1,Colin Powell,test
501,1,Colin Powell,test
502,3,George W Bush,validation
503,3,George W Bush,train
504,3,George W Bush,train
505,0,Ariel Sharon,train
506,2,Donald Rumsfeld,train
507,3,George W Bush,train
508,5,Hugo Chavez,test
509,3,George W Bush,train
510,2,Donald Rumsfeld,train
511,3,George W Bush,train
512,0,Ariel Sharon,validation
513,3,George W Bush,train
514,5,Hugo Chavez,train
515,3,George W Bush,train
516,5,Hugo Chavez,test
517,3,George W Bush,train
518,3,George W Bush,test
519,5,Hugo Chavez,train
520,3,George W Bush,train
521,0,Ariel Sharon,train
522,1,Colin Powell,test
523,3,George W Bush,test
524,1,Colin Powell,train
525,1,Colin Powell,train
526,2,Donald Rumsfeld,train
527,3,George W Bush,test
528,3,George W Bush,train
529,3,George W Bush,validation
530,1,Colin Powell,train
531,1,Colin Powell,train
532,4,Gerhard Schroeder,train
533,5,Hugo Chavez,train
534,1,Colin Powell,train
535,3,George W Bush,train
536,3,George W Bush,test
537,3,George W Bush,validation
538,3,George W Bush,test
539,3,George W Bush,train
540,3,George W Bush,train
541,1,Colin Powell,validation
542,1,Colin Powell,train
543,3,George W Bush,test
544,1,Colin Powell,train
545,3,George W Bush,train
546,3,George W Bush,train
547,3,George W Bush,train
548,3,George W Bush,train
549,1,Colin Powell,test
550,1,Colin Powell,train
551,1,Colin Powell,test
552,3,George W Bush,train
553,3,George W Bush,validation
554,2,Donald Rumsfeld,train
555,1,Colin Powell,train
556,3,George W Bush,train
557,3,George W Bush,train
558,3,George W Bush,train
559,3,George W Bush,test
560,6,Tony Blair,train
561,3,George W Bush,test
562,6,Tony Blair,test
563,1,Colin Powell,test
564,4,Gerhard Schroeder,train
565,2,Donald Rumsfeld,validation
566,1,Colin Powell,test
567,3,George W Bush,train
568,4,Gerhard Schroeder,validation
569,1,Colin Powell,train
570,6,Tony Blair,train
571,4,Gerhard Schroeder,validation
572,1,Colin Powell,train
573,4,Gerhard Schroeder,train
574,3,George W Bush,train
575,0,Ariel Sharon,train
576,1,Colin Powell,train
577,3,George W Bush,train
578,0,Ariel Sharon,train
579,3,George W Bush,test
580,3,George W Bush,train
581,3,George W Bush,train
582,3,George W Bush,train
583,3,George W Bush,test
584,3,George W Bush,validation
585,1,Colin Powell,train
586,1,Colin Powell,train
587,3,George W Bush,train
588,1,Colin Powell,train
589,3,George W Bush,test
590,3,George W Bush,test
591,4,Gerhard Schroeder,validation
592,3,George W Bush,train
593,3,George W Bush,train
594,4,Gerhard Schroeder,train
595,2,Donald Rumsfeld,test
596,5,Hugo Chavez,train
597,5,Hugo Chavez,validation
598,3,George W Bush,test
599,1,Colin Powell,test
600,3,George W Bush,test
601,3,George W Bush,train
602,0,Ariel Sharon,train
603,1,Colin Powell,train
604,3,George W Bush,train
605,1,Colin Powell,train
606,1,Colin Powell,train
607,1,Colin Powell,train
608,6,Tony Blair,train
609,2,Donald Rumsfeld,train
610,1,Colin Powell,train
611,3,George W Bush,validation
612,1,Colin Powell,train
613,6,Tony Blair,train
614,0,Ariel Sharon,validation
615,3,George W Bush,validation
616,4,Gerhard Schroeder,train
617,3,George W Bush,train
618,2,Donald Rumsfeld,test
619,3,George W Bush,train
620,4,Gerhard Schroeder,test
621,3,George W Bush,train
622,3,George W Bush,train
623,6,Tony Blair,train
624,1,Colin Powell,train
625,3,George W Bush,train
626,6,Tony Blair,train
627,3,George W Bush,validation
628,1,Colin Powell,train
629,6,Tony Blair,test
630,6,Tony Blair,train
631,3,George W Bush,test
632,6,Tony Blair,train
633,0,Ariel Sharon,train
634,6,Tony Blair,train
635,4,Gerhard Schroeder,validation
636,2,Donald Rumsfeld,validation
637,2,Donald Rumsfeld,train
638,3,George W Bush,train
639,4,Gerhard Schroeder,train
640,1,Colin Powell,train
641,4,Gerhard Schroeder,train
642,2,Donald Rumsfeld,train
643,5,Hugo Chavez,train
644,4,Gerhard Schroeder,train
645,6,Tony Blair,train
646,3,George W Bush,train
647,3,George W Bush,test
648,3,George W Bush,train
649,3,George W Bush,train
650,6,Tony Blair,train
651,3,George W Bush,train
652,3,George W Bush,validation
653,1,Colin Powell,train
654,1,Colin Powell,train
655,5,Hugo Chavez,train
656,1,Colin Powell,validation
657,1,Colin Powell,test
658,1,Colin Powell,train
659,3,George W Bush,validation
660,3,George W Bush,train
661,3,George W Bush,train
662,1,Colin Powell,train
663,3,George W Bush,train
664,2,Donald Rumsfeld,validation
665,4,Gerhard Schroeder,train
666,3,George W Bush,validation
667,6,Tony Blair,train
668,3,George W Bush,train
669,6,Tony Blair,train
670,2,Donald Rumsfeld,train
671,2,Donald Rumsfeld,test
672,0,Ariel Sharon,train
673,2,Donald Rumsfeld,train
674,6,Tony Blair,train
675,3,George W Bush,validation
676,5,Hugo Chavez,validation
677,3,George W Bush,validation
678,3,George W Bush,train
679,6,Tony Blair,train
680,3,George W Bush,train
681,1,Colin Powell,train
682,3,George W Bush,train
683,1,Colin Powell,train
684,6,Tony Blair,test
685,3,George W Bush,test
686,1,Colin Powell,test
687,6,Tony Blair,validation
688,1,Colin Powell,train
689,3,George W Bush,validation
690,2,Donald Rumsfeld,train
691,1,Colin Powell,validation
692,0,Ariel Sharon,train
693,1,Colin Powell,test
694,1,Colin Powell,train
695,6,Tony Blair,validation
696,2,Donald Rumsfeld,train
697,6,Tony Blair,train
698,4,Gerhard Schroeder,train
699,3,George W Bush,validation
700,3,George W Bush,train
701,2,Donald Rumsfeld,train
702,3,George W Bush,train
703,6,Tony Blair,train
704,2,Donald Rumsfeld,train
705,2,Donald Rumsfeld,train
706,1,Colin Powell,train
707,0,Ariel Sharon,train
708,3,George W Bush,test
709,1,Colin Powell,test
710,3,George W Bush,validation
711,3,George W Bush,train
712,1,Colin Powell,test
713,3,George W Bush,train
714,3,George W Bush,train
715,1,Colin Powell,validation
716,3,George W Bush,train
717,4,Gerhard Schroeder,train
718,4,Gerhard Schroeder,train
719,3,George W Bush,train
720,0,Ariel Sharon,train
721,5,Hugo Chavez,validation
722,3,George W Bush,train
723,3,George W Bush,train
724,1,Colin Powell,train
725,1,Colin Powell,validation
726,1,Colin Powell,train
727,1,Colin Powell,train
728,6,Tony Blair,train
729,3,George W Bush,train
730,6,Tony Blair,train
731,1,Colin Powell,validation
732,0,Ariel Sharon,test
733,3,George W Bush,train
734,1,Colin Powell,test
735,4,Gerhard Schroeder,train
736,3,George W Bush,train
737,3,George W Bush,train
738,5,Hugo Chavez,test
739,6,Tony Blair,train
740,3,George W Bush,test
741,3,George W Bush,train
742,0,Ariel Sharon,train
743,3,George W Bush,train
744,3,George W Bush,train
745,3,George W Bush,train
746,5,Hugo Chavez,train
747,2,Donald Rumsfeld,train
748,4,Gerhard Schroeder,train
749,5,Hugo Chavez,train
750,2,Donald Rumsfeld,train
751,4,Gerhard Schroeder,train
752,3,George W Bush,train
753,3,George W Bush,train
754,1,Colin Powell,train
755,4,Gerhard Schroeder,train
756,1,Colin Powell,train
757,3,George W Bush,train
758,2,Donald Rumsfeld,train
759,3,George W Bush,train
760,1,Colin Powell,train
761,0,Ariel Sharon,train
762,6,Tony Blair,train
763,3,George W Bush,train
764,3,George W Bush,train
765,5,Hugo Chavez,train
766,3,George W Bush,train
767,0,Ariel Sharon,train
768,1,Colin Powell,train
769,6,Tony Blair,validation
770,1,Colin Powell,train
771,6,Tony Blair,train
772,3,George W Bush,validation
773,2,Donald Rumsfeld,train
774,0,Ariel Sharon,train
775,3,George W Bush,train
776,3,George W Bush,train
777,4,Gerhard Schroeder,train
778,3,George W Bush,train
779,3,George W Bush,train
780,3,George W Bush,train
781,4,Gerhard Schroeder,test
782,3,George W Bush,train
783,3,George W Bush,train
784,1,Colin Powell,train
785,3,George W Bush,train
786,2,Donald Rumsfeld,train
787,3,George W Bush,validation
788,3,George W Bush,train
789,6,Tony Blair,train
790,3,George W Bush,test
791,2,Donald Rumsfeld,train
792,2,Donald Rumsfeld,train
793,2,Donald Rumsfeld,train
794,0,Ariel Sharon,validation
795,6,Tony Blair,train
796,4,Gerhard Schroeder,train
797,3,George W Bush,train
798,6,Tony Blair,train
799,3,George W Bush,train
800,1,Colin Powell,train
801,2,Donald Rumsfeld,train
802,3,George W Bush,train
803,3,George W Bush,train
804,4,Gerhard Schroeder,train
805,1,Colin Powell,test
806,6,Tony Blair,train
807,6,Tony Blair,train
808,3,George W Bush,validation
809,3,George W Bush,train
810,6,Tony Blair,train
811,4,Gerhard Schroeder,train
812,6,Tony Blair,test
813,0,Ariel Sharon,train
814,2,Donald Rumsfeld,validation
815,4,Gerhard Schroeder,test
816,3,George W Bush,train
817,0,Ariel Sharon,train
818,1,Colin Powell,train
819,2,Donald Rumsfeld,train
820,3,George W Bush,train
821,1,Colin Powell,train
822,3,George W Bush,train
823,2,Donald Rumsfeld,validation
824,3,George W Bush,train
825,3,George W Bush,test
826,6,Tony Blair,test
827,3,George W Bush,test
828,3,George W Bush,train
829,5,Hugo Chavez,test
830,6,Tony Blair,train
831,1,Colin Powell,test
832,6,Tony Blair,train
833,1,Colin Powell,train
834,5,Hugo Chavez,train
835,2,Donald Rumsfeld,train
836,4,Gerhard Schroeder,train
837,0,Ariel Sharon,validation
838,3,George W Bush,validation
839,2,Donald Rumsfeld,train
840,3,George W Bush,test
841,3,George W Bush,validation
842,5,Hugo Chavez,train
843,3,George W Bush,validation
844,3,George W Bush,train
845,1,Colin Powell,train
846,1,Colin Powell,validation
847,3,George W Bush,train
848,1,Colin Powell,train
849,3,George W Bush,train
850,3,George W Bush,train
851,3,George W Bush,train
852,3,George W Bush,train
853,0,Ariel Sharon,validation
854,2,Donald Rumsfeld,train
855,3,George W Bush,train
856,4,Gerhard Schroeder,validation
857,6,Tony Blair,train
858,3,George W Bush,train
859,5,Hugo Chavez,train
860,2,Donald Rumsfeld,train
861,2,Donald Rumsfeld,validation
862,3,George W Bush,train
863,1,Colin Powell,train
864,1,Colin Powell,validation
865,4,Gerhard Schroeder,train
866,4,Gerhard Schroeder,train
867,1,Colin Powell,train
868,3,George W Bush,train
869,0,Ariel Sharon,train
870,6,Tony Blair,train
871,1,Colin Powell,test
872,3,George W Bush,train
873,1,Colin Powell,test
874,3,George W Bush,train
875,4,Gerhard Schroeder,train
876,1,Colin Powell,train
877,0,Ariel Sharon,train
878,5,Hugo Chavez,train
879,6,Tony Blair,train
880,3,George W Bush,validation
881,3,George W Bush,train
882,3,George W Bush,validation
883,3,George W Bush,train
884,1,Colin Powell,train
885,1,Colin Powell,train
886,3,George W Bush,train
887,1,Colin Powell,train
888,3,George W Bush,train
889,6,Tony Blair,train
890,3,George W Bush,test
891,1,Colin Powell,train
892,3,George W Bush,train
893,6,Tony Blair,train
894,3,George W Bush,train
895,3,George W Bush,train
896,3,George W Bush,train
897,3,George W Bush,train
898,3,George W Bush,test
899,5,Hugo Chavez,train
900,4,Gerhard Schroeder,train
901,1,Colin Powell,train
902,3,George W Bush,validation
903,3,George W Bush,validation
904,1,Colin Powell,train
905,3,George W Bush,train
906,3,George W Bush,train
907,5,Hugo Chavez,train
908,0,Ariel Sharon,train
909,3,George W Bush,train
910,3,George W Bush,validation
911,3,George W Bush,train
912,1,Colin Powell,train
913,3,George W Bush,train
914,4,Gerhard Schroeder,train
915,3,George W Bush,validation
916,1,Colin Powell,validation
917,3,George W Bush,train
918,2,Donald Rumsfeld,test
919,1,Colin Powell,train
920,3,George W Bush,train
921,3,George W Bush,train
922,3,George W Bush,validation
923,4,Gerhard Schroeder,train
924,0,Ariel Sharon,train
925,2,Donald Rumsfeld,train
926,5,Hugo Chavez,train
927,3,George W Bush,train
928,3,George W Bush,train
929,1,Colin Powell,train
930,1,Colin Powell,validation
931,0,Ariel Sharon,test
932,3,George W Bush,train
933,3,George W Bush,test
934,0,Ariel Sharon,train
935,1,Colin Powell,validation
936,6,Tony Blair,train
937,3,George W Bush,train
938,5,Hugo Chavez,train
939,3,George W Bush,test
940,3,George W Bush,train
941,6,Tony Blair,train
942,3,George W Bush,train
943,1,Colin Powell,train
944,2,Donald Rumsfeld,train
945,4,Gerhard Schroeder,test
946,2,Donald Rumsfeld,train
947,1,Colin Powell,train
948,1,Colin Powell,train
949,5,Hugo Chavez,train
950,3,George W Bush,train
951,3,George W Bush,train
952,3,George W Bush,test
953,0,Ariel Sharon,test
954,4,Gerhard Schroeder,train
955,3,George W Bush,train
956,3,George W Bush,train
957,3,George W Bush,validation
958,2,Donald Rumsfeld,validation
959,6,Tony Blair,test
960,1,Colin Powell,train
961,3,George W Bush,train
962,3,George W Bush,test
963,3,George W Bush,test
964,2,Donald Rumsfeld,test
965,3,George W Bush,train
966,6,Tony Blair,train
967,2,Donald Rumsfeld,validation
968,0,Ariel Sharon,test
969,3,George W Bush,train
970,0,Ariel Sharon,train
971,3,George W Bush,test
972,3,George W Bush,train
973,3,George W Bush,train
974,3,George W Bush,train
975,6,Tony Blair,train
976,2,Donald Rumsfeld,train
977,3,George W Bush,validation
978,3,George W Bush,train
979,3,George W Bush,train
980,3,George W Bush,train
981,3,George W Bush,validation
982,6,Tony Blair,train
983,4,Gerhard Schroeder,train
984,0,Ariel Sharon,train
985,1,Colin Powell,train
986,1,Colin Powell,train
987,3,George W Bush,train
988,6,Tony Blair,train
989,5,Hugo Chavez,train
990,6,Tony Blair,test
991,3,George W Bush,test
992,4,Gerhard Schroeder,train
993,6,Tony Blair,train
994,3,George W Bush,train
995,1,Colin Powell,train
996,3,George W Bush,train
997,3,George W Bush,test
998,3,George W Bush,validation
999,3,George W Bush,train
1000,3,George W Bush,train
1001,1,Colin Powell,train
1002,3,George W Bush,validation
1003,6,Tony Blair,train
1004,3,George W Bush,validation
1005,6,Tony Blair,train
1006,5,Hugo Chavez,validation
1007,3,George W Bush,train
1008,6,Tony Blair,validation
1009,3,George W Bush,validation
1010,4,Gerhard Schroeder,train
1011,3,George W Bush,train
1012,0,Ariel Sharon,test
1013,1,Colin Powell,train
1014,2,Donald Rumsfeld,train
1015,1,Colin Powell,train
1016,4,Gerhard Schroeder,test
1017,4,Gerhard Schroeder,train
1018,3,George W Bush,train
1019,4,Gerhard Schroeder,validation
1020,6,Tony Blair,train
1021,1,Colin Powell,train
1022,1,Colin Powell,test
1023,4,Gerhard Schroeder,train
1024,6,Tony Blair,train
1025,3,George W Bush,validation
1026,1,Colin Powell,train
1027,1,Colin Powell,train
1028,3,George W Bush,train
1029,5,Hugo Chavez,train
1030,4,Gerhard Schroeder,train
1031,3,George W Bush,train
1032,3,George W Bush,test
1033,1,Colin Powell,train
1034,0,Ariel Sharon,train
1035,3,George W Bush,test
1036,3,George W Bush,train
1037,4,Gerhard Schroeder,train
1038,4,Gerhard Schroeder,train
1039,6,Tony Blair,train
1040,3,George W Bush,train
1041,6,Tony Blair,train
1042,1,Colin Powell,train
1043,3,George W Bush,train
1044,1,Colin Powell,train
1045,0,Ariel Sharon,train
1046,3,George W Bush,train
1047,6,Tony Blair,validation
1048,1,Colin Powell,train
1049,0,Ariel Sharon,train
1050,3,George W Bush,test
1051,4,Gerhard Schroeder,train
1052,3,George W Bush,train
1053,5,Hugo Chavez,validation
1054,6,Tony Blair,train
1055,3,George W Bush,train
1056,3,George W Bush,validation
1057,5,Hugo Chavez,train
1058,5,Hugo Chavez,validation
1059,6,Tony Blair,test
1060,3,George W Bush,train
1061,1,Colin Powell,train
1062,3,George W Bush,train
1063,3,George W Bush,train
1064,5,Hugo Chavez,train
1065,3,George W Bush,validation
1066,3,George W Bush,train
1067,1,Colin Powell,train
1068,6,Tony Blair,train
1069,3,George W Bush,train
1070,5,Hugo Chavez,train
1071,1,Colin Powell,test
1072,3,George W Bush,test
1073,5,Hugo Chavez,train
1074,0,Ariel Sharon,test
1075,1,Colin Powell,train
1076,2,Donald Rumsfeld,train
1077,1,Colin Powell,train
1078,6,Tony Blair,train
1079,0,Ariel Sharon,train
1080,4,Gerhard Schroeder,validation
1081,4,Gerhard Schroeder,train
1082,3,George W Bush,train
1083,1,Colin Powell,train
1084,3,George W Bush,train
1085,5,Hugo Chavez,test
1086,3,George W Bush,validation
1087,6,Tony Blair,train
1088,3,George W Bush,validation
1089,2,Donald Rumsfeld,train
1090,6,Tony Blair,train
1091,1,Colin Powell,test
1092,1,Colin Powell,train
1093,3,George W Bush,validation
1094,3,George W Bush,train
1095,6,Tony Blair,train
1096,6,Tony Blair,train
1097,3,George W Bush,train
1098,3,George W Bush,train
1099,3,George W Bush,train
1100,6,Tony Blair,train
1101,1,Colin Powell,train
1102,2,Donald Rumsfeld,train
1103,3,George W Bush,train
1104,6,Tony Blair,train
1105,3,George W Bush,test
1106,3,George W Bush,train
1107,1,Colin Powell,train
1108,3,George W Bush,train
1109,1,Colin Powell,train
1110,3,George W Bush,train
1111,4,Gerhard Schroeder,train
1112,1,Colin Powell,train
1113,3,George W Bush,train
1114,1,Colin Powell,test
1115,1,Colin Powell,validation
1116,6,Tony Blair,train
1117,2,Donald Rumsfeld,train
1118,1,Colin Powell,test
1119,1,Colin Powell,train
1120,3,George W Bush,test
1121,1,Colin Powell,validation
1122,6,Tony Blair,train
1123,6,Tony Blair,train
1124,2,Donald Rumsfeld,train
1125,3,George W Bush,train
1126,1,Colin Powell,train
1127,3,George W Bush,train
1128,0,Ariel Sharon,validation
1129,1,Colin Powell,validation
1130,3,George W Bush,train
1131,6,Tony Blair,train
1132,3,George W Bush,train
1133,6,Tony Blair,train
1134,3,George W Bush,test
1135,3,George W Bush,train
1136,6,Tony Blair,validation
1137,2,Donald Rumsfeld,train
1138,3,George W Bush,train
1139,3,George W Bush,train
1140,4,Gerhard Schroeder,train
1141,3,George W Bush,train
1142,3,George W Bush,train
1143,6,Tony Blair,train
1144,6,Tony Blair,test
1145,3,George W Bush,test
1146,3,George W Bush,train
1147,4,Gerhard Schroeder,train
1148,3,George W Bush,train
1149,3,George W Bush,train
1150,3,George W Bush,train
1151,5,Hugo Chavez,train
1152,3,George W Bush,validation
1153,4,Gerhard Schroeder,train
1154,3,George W Bush,train
1155,3,George W Bush,train
1156,6,Tony Blair,train
1157,3,George W Bush,train
1158,1,Colin Powell,train
1159,4,Gerhard Schroeder,train
1160,3,George W Bush,train
1161,3,George W Bush,train
1162,3,George W Bush,train
1163,3,George W Bush,test
1164,4,Gerhard Schroeder,validation
1165,1,Colin Powell,test
1166,2,Donald Rumsfeld,train
1167,3,George W Bush,train
1168,3,George W Bush,train
1169,2,Donald Rumsfeld,train
1170,3,George W Bush,train
1171,6,Tony Blair,validation
1172,4,Gerhard Schroeder,train
1173,3,George W Bush,validation
1174,3,George W Bush,validation
1175,3,George W Bush,train
1176,3,George W Bush,validation
1177,3,George W Bush,test
1178,1,Colin Powell,validation
1179,3,George W Bush,validation
1180,2,Donald Rumsfeld,train
1181,3,George W Bush,train
1182,4,Gerhard Schroeder,train
1183,4,Gerhard Schroeder,train
1184,3,George W Bush,train
1185,3,George W Bush,validation
1186,1,Colin Powell,validation
1187,1,Colin Powell,train
1188,4,Gerhard Schroeder,train
1189,0,Ariel Sharon,train
1190,4,Gerhard Schroeder,train
1191,1,Colin Powell,train
1192,2,Donald Rumsfeld,test
1193,1,Colin Powell,validation
1194,2,Donald Rumsfeld,train
1195,2,Donald Rumsfeld,validation
1196,3,George W Bush,train
1197,6,Tony Blair,train
1198,5,Hugo Chavez,train
1199,3,George W Bush,validation
1200,6,Tony Blair,validation
1201,3,George W Bush,train
1202,0,Ariel Sharon,test
1203,0,Ariel Sharon,test
1204,6,Tony Blair,validation
1205,4,Gerhard Schroeder,train
1206,3,George W Bush,validation
1207,2,Donald Rumsfeld,train
1208,1,Colin Powell,train
1209,3,George W Bush,train
1210,1,Colin Powell,train
1211,3,George W Bush,test
1212,5,Hugo Chavez,validation
1213,3,George W Bush,test
1214,2,Donald Rumsfeld,train
1215,3,George W Bush,train
1216,1,Colin Powell,train
1217,4,Gerhard Schroeder,test
1218,3,George W Bush,train
1219,3,George W Bush,train
1220,1,Colin Powell,validation
1221,4,Gerhard Schroeder,validation
1222,1,Colin Powell,train
1223,1,Colin Powell,validation
1224,3,George W Bush,train
1225,2,Donald Rumsfeld,test
1226,3,George W Bush,test
1227,5,Hugo Chavez,train
1228,3,George W Bush,train
1229,4,Gerhard Schroeder,train
1230,4,Gerhard Schroeder,train
1231,5,Hugo Chavez,validation
1232,1,Colin Powell,validation
1233,0,Ariel Sharon,train
1234,3,George W Bush,train
1235,3,George W Bush,train
1236,6,Tony Blair,train
1237,1,Colin Powell,train
1238,3,George W Bush,train
1239,3,George W Bush,train
1240,3,George W Bush,train
1241,1,Colin Powell,train
1242,0,Ariel Sharon,train
1243,2,Donald Rumsfeld,validation
1244,3,George W Bush,train
1245,2,Donald Rumsfeld,train
1246,1,Colin Powell,train
1247,3,George W Bush,validation
1248,0,Ariel Sharon,train
1249,3,George W Bush,test
1250,6,Tony Blair,validation
1251,3,George W Bush,train
1252,3,George W Bush,validation
1253,6,Tony Blair,test
1254,3,George W Bush,train
1255,3,George W Bush,train
1256,1,Colin Powell,train
1257,4,Gerhard Schroeder,validation
1258,3,George W Bush,train
1259,3,George W Bush,validation
1260,5,Hugo Chavez,test
1261,3,George W Bush,validation
1262,3,George W Bush,train
1263,3,George W Bush,train
1264,1,Colin Powell,train
1265,0,Ariel Sharon,train
1266,3,George W Bush,train
1267,6,Tony Blair,train
1268,1,Colin Powell,train
1269,3,George W Bush,train
1270,6,Tony Blair,train
1271,2,Donald Rumsfeld,test
1272,3,George W Bush,train
1273,2,Donald Rumsfeld,train
1274,3,George W Bush,train
1275,1,Colin Powell,train
1276,3,George W Bush,test
1277,5,Hugo Chavez,test
1278,1,Colin Powell,train
1279,2,Donald Rumsfeld,test
1280,6,Tony Blair,train
1281,3,George W Bush,train
1282,1,Colin Powell,train
1283,4,Gerhard Schroeder,train
1284,5,Hugo Chavez,train
1285,5,Hugo Chavez,train
1286,3,George W Bush,train
1287,5,Hugo Chavez,train
